school_name,address,pincode,phone
C.M. Rise Govt. Girls Higher Secondary School Fort Road,"Fort Road, Gwalior",474011,751-2365116
C.M. Rise Govt. Girls Padma Higher Secondary School,"Kampoo, Lashkar",474001,751-2626177
C.M. Rise Govt. Higher Secondary School Berja,"Berja, Gwalior",474006,
C.M. Rise Govt. Higher Secondary School Bhitarwar,"Bhitarwar, Gwalior",475220,
C.M. Rise Govt. Higher Secondary School Kulaith,"Kulaith, Gwalior",474010,
C.M. Rise Govt. Higher Secondary School Morar,"Morar, Gwalior",474003,
C.M. Rise Higher Secondary School Dabra,"Dabra, Gwalior",475110,
C.M. Rise Higher Secondary School Patel,"Patel, Gwalior",474009,
Central School No. 1,"Shakti Nagar, Gwalior",474011,751-2341208
Central School No. 2,"A.S.F. Maharajpura, Bhind Road, Gwalior",474011,751-2470227
