project_no,project_name,module,cost_crore,source,source_url
1,Creating “Brand Gwalior”,Area Based Development / Heritage and Culture,50.0,Gwalior Smart City – List of Projects as per Smart City Proposal,https://gwaliorsmartcity.org/smart-city-vision/list-of-projects-as-per-smart-city-proposal-gwalior/
2,Revitalizing Maharaj Bada,Area Based Development / Heritage and Culture,120.0,Gwalior Smart City – List of Projects as per Smart City Proposal,https://gwaliorsmartcity.org/smart-city-vision/list-of-projects-as-per-smart-city-proposal-gwalior/
3,Heritage Hotel on PPP at Maharaj Bada,Area Based Development / Heritage and Culture,25.0,Gwalior Smart City – List of Projects as per Smart City Proposal,https://gwaliorsmartcity.org/smart-city-vision/list-of-projects-as-per-smart-city-proposal-gwalior/
4,Upgradation of Central Library as Digital Library Including Façade Restoration,Area Based Development / Heritage and Culture,2.0,Gwalior Smart City – List of Projects as per Smart City Proposal,https://gwaliorsmartcity.org/smart-city-vision/list-of-projects-as-per-smart-city-proposal-gwalior/
5,Heritage Network Trail,Area Based Development / Heritage and Culture,20.75,Gwalior Smart City – List of Projects as per Smart City Proposal,https://gwaliorsmartcity.org/smart-city-vision/list-of-projects-as-per-smart-city-proposal-gwalior/
6,Place Making on Raj Path,Area Based Development / Heritage and Culture,1.0,Gwalior Smart City – List of Projects as per Smart City Proposal,https://gwaliorsmartcity.org/smart-city-vision/list-of-projects-as-per-smart-city-proposal-gwalior/
7,Public Art & smart street signages and interactive public dashboards,Area Based Development / Heritage and Culture,25.0,Gwalior Smart City – List of Projects as per Smart City Proposal,https://gwaliorsmartcity.org/smart-city-vision/list-of-projects-as-per-smart-city-proposal-gwalior/
8,Tourist Facility Center – 2 Nos.,Area Based Development / Heritage and Culture,1.0,Gwalior Smart City – List of Projects as per Smart City Proposal,https://gwaliorsmartcity.org/smart-city-vision/list-of-projects-as-per-smart-city-proposal-gwalior/
9,Katora Tal Tank Development Including Water Show,Area Based Development / Heritage and Culture,2.0,Gwalior Smart City – List of Projects as per Smart City Proposal,https://gwaliorsmartcity.org/smart-city-vision/list-of-projects-as-per-smart-city-proposal-gwalior/
10,Development of 3686 Affordable Housing Unit on PPP under PMAY,Housing,294.88,Gwalior Smart City – List of Projects as per Smart City Proposal,https://gwaliorsmartcity.org/smart-city-vision/list-of-projects-as-per-smart-city-proposal-gwalior/
11,Affordable Housing as Residential Component of Mixed Use TOD Development in AHP-1493 Units,Housing,,Gwalior Smart City – List of Projects as per Smart City Proposal,https://gwaliorsmartcity.org/smart-city-vision/list-of-projects-as-per-smart-city-proposal-gwalior/
12,Housing Component in Gwalior Habitat and Trade Center-1984 Units,Housing,,Gwalior Smart City – List of Projects as per Smart City Proposal,https://gwaliorsmartcity.org/smart-city-vision/list-of-projects-as-per-smart-city-proposal-gwalior/
13,Development of Rental Housing for Floating Population (600 Unit),Housing,45.0,Gwalior Smart City – List of Projects as per Smart City Proposal,https://gwaliorsmartcity.org/smart-city-vision/list-of-projects-as-per-smart-city-proposal-gwalior/
14,Development of Night shelters with basic amenities,Housing,1.0,Gwalior Smart City – List of Projects as per Smart City Proposal,https://gwaliorsmartcity.org/smart-city-vision/list-of-projects-as-per-smart-city-proposal-gwalior/
15,Residential Care Home,Housing,3.0,Gwalior Smart City – List of Projects as per Smart City Proposal,https://gwaliorsmartcity.org/smart-city-vision/list-of-projects-as-per-smart-city-proposal-gwalior/
16,Hostels for Working Women,Housing,4.0,Gwalior Smart City – List of Projects as per Smart City Proposal,https://gwaliorsmartcity.org/smart-city-vision/list-of-projects-as-per-smart-city-proposal-gwalior/
17,24×7 Water Supply,Infrastructure,69.28,Gwalior Smart City – List of Projects as per Smart City Proposal,https://gwaliorsmartcity.org/smart-city-vision/list-of-projects-as-per-smart-city-proposal-gwalior/
18,24×7 Power Supply,Infrastructure,180.53,Gwalior Smart City – List of Projects as per Smart City Proposal,https://gwaliorsmartcity.org/smart-city-vision/list-of-projects-as-per-smart-city-proposal-gwalior/
19,Waste Water Management System including DEWATS,Infrastructure,198.45,Gwalior Smart City – List of Projects as per Smart City Proposal,https://gwaliorsmartcity.org/smart-city-vision/list-of-projects-as-per-smart-city-proposal-gwalior/
20,Multi-utility ducting and shifting of utilities,Infrastructure,71.65,Gwalior Smart City – List of Projects as per Smart City Proposal,https://gwaliorsmartcity.org/smart-city-vision/list-of-projects-as-per-smart-city-proposal-gwalior/
21,City Gas Distribution Network,Infrastructure,49.32,Gwalior Smart City – List of Projects as per Smart City Proposal,https://gwaliorsmartcity.org/smart-city-vision/list-of-projects-as-per-smart-city-proposal-gwalior/
22,Solid Waste Management,Infrastructure,3.52,Gwalior Smart City – List of Projects as per Smart City Proposal,https://gwaliorsmartcity.org/smart-city-vision/list-of-projects-as-per-smart-city-proposal-gwalior/
23,LED Street Lights on Unified poles with Multiple Facilities,Infrastructure,54.6,Gwalior Smart City – List of Projects as per Smart City Proposal,https://gwaliorsmartcity.org/smart-city-vision/list-of-projects-as-per-smart-city-proposal-gwalior/
24,Upgradation of Existing Road Network of Full Section Development,Mobility,132.09,Gwalior Smart City – List of Projects as per Smart City Proposal,https://gwaliorsmartcity.org/smart-city-vision/list-of-projects-as-per-smart-city-proposal-gwalior/
25,ITS with Traffic Surveillance and Analytics,Mobility,5.0,Gwalior Smart City – List of Projects as per Smart City Proposal,https://gwaliorsmartcity.org/smart-city-vision/list-of-projects-as-per-smart-city-proposal-gwalior/
26,Pedestrian Only Zone at Bada,Mobility,12.5,Gwalior Smart City – List of Projects as per Smart City Proposal,https://gwaliorsmartcity.org/smart-city-vision/list-of-projects-as-per-smart-city-proposal-gwalior/
27,Smart Multilevel Car Parking at 2 Locations,Mobility,29.43,Gwalior Smart City – List of Projects as per Smart City Proposal,https://gwaliorsmartcity.org/smart-city-vision/list-of-projects-as-per-smart-city-proposal-gwalior/
28,Development of BRT corridor,Mobility,16.0,Gwalior Smart City – List of Projects as per Smart City Proposal,https://gwaliorsmartcity.org/smart-city-vision/list-of-projects-as-per-smart-city-proposal-gwalior/
29,Strengthening of Existing Bridges on Swamarekha River,Mobility,24.0,Gwalior Smart City – List of Projects as per Smart City Proposal,https://gwaliorsmartcity.org/smart-city-vision/list-of-projects-as-per-smart-city-proposal-gwalior/
30,Parking Management – on street and other sites,Mobility,10.0,Gwalior Smart City – List of Projects as per Smart City Proposal,https://gwaliorsmartcity.org/smart-city-vision/list-of-projects-as-per-smart-city-proposal-gwalior/
31,e-Rickshaw as IPT,Mobility,5.0,Gwalior Smart City – List of Projects as per Smart City Proposal,https://gwaliorsmartcity.org/smart-city-vision/list-of-projects-as-per-smart-city-proposal-gwalior/
32,Redevelopment of Amkho Bus Stand,Mobility,5.0,Gwalior Smart City – List of Projects as per Smart City Proposal,https://gwaliorsmartcity.org/smart-city-vision/list-of-projects-as-per-smart-city-proposal-gwalior/
33,Public Transport Components integrated with Pan City Proposal,Mobility,,Gwalior Smart City – List of Projects as per Smart City Proposal,https://gwaliorsmartcity.org/smart-city-vision/list-of-projects-as-per-smart-city-proposal-gwalior/
34,Rejuvenation and Riverfront Development of Swamarekha River including Aaratons,Recreation and Social Upgradation,40.34,Gwalior Smart City – List of Projects as per Smart City Proposal,https://gwaliorsmartcity.org/smart-city-vision/list-of-projects-as-per-smart-city-proposal-gwalior/
35,"Upgradation on Nehru Park, Ladies Park and Shivaji Park",Recreation and Social Upgradation,18.4,Gwalior Smart City – List of Projects as per Smart City Proposal,https://gwaliorsmartcity.org/smart-city-vision/list-of-projects-as-per-smart-city-proposal-gwalior/
36,Upgradation of Play Grounds,Recreation and Social Upgradation,41.63,Gwalior Smart City – List of Projects as per Smart City Proposal,https://gwaliorsmartcity.org/smart-city-vision/list-of-projects-as-per-smart-city-proposal-gwalior/
37,Automated Public Toilets with water ATMs,Recreation and Social Upgradation,3.2,Gwalior Smart City – List of Projects as per Smart City Proposal,https://gwaliorsmartcity.org/smart-city-vision/list-of-projects-as-per-smart-city-proposal-gwalior/
38,Digital Literacy Campaigns,Recreation and Social Upgradation,1.0,Gwalior Smart City – List of Projects as per Smart City Proposal,https://gwaliorsmartcity.org/smart-city-vision/list-of-projects-as-per-smart-city-proposal-gwalior/
39,Smart Class Rooms in Existing Schools,Recreation and Social Upgradation,12.68,Gwalior Smart City – List of Projects as per Smart City Proposal,https://gwaliorsmartcity.org/smart-city-vision/list-of-projects-as-per-smart-city-proposal-gwalior/
40,Emergency Health Care Response System for Vulnerable,Recreation and Social Upgradation,26.0,Gwalior Smart City – List of Projects as per Smart City Proposal,https://gwaliorsmartcity.org/smart-city-vision/list-of-projects-as-per-smart-city-proposal-gwalior/
41,Wi-Fi Hotspots,Technology,8.0,Gwalior Smart City – List of Projects as per Smart City Proposal,https://gwaliorsmartcity.org/smart-city-vision/list-of-projects-as-per-smart-city-proposal-gwalior/
42,CCTV surveillance for the entire area,Technology,5.61,Gwalior Smart City – List of Projects as per Smart City Proposal,https://gwaliorsmartcity.org/smart-city-vision/list-of-projects-as-per-smart-city-proposal-gwalior/
43,Air Quality Monitoring Sensors,Technology,0.25,Gwalior Smart City – List of Projects as per Smart City Proposal,https://gwaliorsmartcity.org/smart-city-vision/list-of-projects-as-per-smart-city-proposal-gwalior/
44,Water Quality Monitoring Sensors,Technology,2.0,Gwalior Smart City – List of Projects as per Smart City Proposal,https://gwaliorsmartcity.org/smart-city-vision/list-of-projects-as-per-smart-city-proposal-gwalior/
45,GIS Mapping of Properties and Utilities – Data Visualization and Analytics,Technology,2.0,Gwalior Smart City – List of Projects as per Smart City Proposal,https://gwaliorsmartcity.org/smart-city-vision/list-of-projects-as-per-smart-city-proposal-gwalior/
46,Public Facilitation Centers,Technology,9.0,Gwalior Smart City – List of Projects as per Smart City Proposal,https://gwaliorsmartcity.org/smart-city-vision/list-of-projects-as-per-smart-city-proposal-gwalior/
47,Skill development center for Handloom and Handicraft Workers,Economic Development,11.25,Gwalior Smart City – List of Projects as per Smart City Proposal,https://gwaliorsmartcity.org/smart-city-vision/list-of-projects-as-per-smart-city-proposal-gwalior/
48,Incubation Centers for Startups,Economic Development,11.25,Gwalior Smart City – List of Projects as per Smart City Proposal,https://gwaliorsmartcity.org/smart-city-vision/list-of-projects-as-per-smart-city-proposal-gwalior/
49,Redevelopment of Existing Mandi,Economic Development,7.27,Gwalior Smart City – List of Projects as per Smart City Proposal,https://gwaliorsmartcity.org/smart-city-vision/list-of-projects-as-per-smart-city-proposal-gwalior/
50,Market Improvement of other 3 Markets in Bada Area,Economic Development,53.22,Gwalior Smart City – List of Projects as per Smart City Proposal,https://gwaliorsmartcity.org/smart-city-vision/list-of-projects-as-per-smart-city-proposal-gwalior/
51,Hawker’s and Vending Zones with dedicated smart card for Hawkers,Economic Development,10.0,Gwalior Smart City – List of Projects as per Smart City Proposal,https://gwaliorsmartcity.org/smart-city-vision/list-of-projects-as-per-smart-city-proposal-gwalior/
52,Gwalior Habitat and Trade Center,Economic Development,9.43,Gwalior Smart City – List of Projects as per Smart City Proposal,https://gwaliorsmartcity.org/smart-city-vision/list-of-projects-as-per-smart-city-proposal-gwalior/
53,Mixed use TOD Development on PPP,Economic Development,,Gwalior Smart City – List of Projects as per Smart City Proposal,https://gwaliorsmartcity.org/smart-city-vision/list-of-projects-as-per-smart-city-proposal-gwalior/
54,Solar Panels on Roof Tops of Public Building Facilities,Sustainability,151.92,Gwalior Smart City – List of Projects as per Smart City Proposal,https://gwaliorsmartcity.org/smart-city-vision/list-of-projects-as-per-smart-city-proposal-gwalior/
55,Rain water Harvesting System,Sustainability,2.5,Gwalior Smart City – List of Projects as per Smart City Proposal,https://gwaliorsmartcity.org/smart-city-vision/list-of-projects-as-per-smart-city-proposal-gwalior/
56,Fire Hydrant Network with Pumps and water Storage,Sustainability,22.33,Gwalior Smart City – List of Projects as per Smart City Proposal,https://gwaliorsmartcity.org/smart-city-vision/list-of-projects-as-per-smart-city-proposal-gwalior/
57,Disaster Management Center,Sustainability,3.0,Gwalior Smart City – List of Projects as per Smart City Proposal,https://gwaliorsmartcity.org/smart-city-vision/list-of-projects-as-per-smart-city-proposal-gwalior/
58,Computer Aided Dispatch (CAD) & AVL of Emergency and Police Vehicles,Sustainability,3.0,Gwalior Smart City – List of Projects as per Smart City Proposal,https://gwaliorsmartcity.org/smart-city-vision/list-of-projects-as-per-smart-city-proposal-gwalior/
59,Multipurpose Backbone Communication Infrastructure (OFC),Pan City / Command and Control,60.0,Gwalior Smart City – List of Projects as per Smart City Proposal,https://gwaliorsmartcity.org/smart-city-vision/list-of-projects-as-per-smart-city-proposal-gwalior/
60,Command and Control Center,Pan City / Command and Control,30.0,Gwalior Smart City – List of Projects as per Smart City Proposal,https://gwaliorsmartcity.org/smart-city-vision/list-of-projects-as-per-smart-city-proposal-gwalior/
61,City Dashboard,Pan City / Command and Control,2.0,Gwalior Smart City – List of Projects as per Smart City Proposal,https://gwaliorsmartcity.org/smart-city-vision/list-of-projects-as-per-smart-city-proposal-gwalior/
62,One City One App,Pan City / Command and Control,5.0,Gwalior Smart City – List of Projects as per Smart City Proposal,https://gwaliorsmartcity.org/smart-city-vision/list-of-projects-as-per-smart-city-proposal-gwalior/
63,Transit Infrastructure,Pan City / Urban Transit,24.0,Gwalior Smart City – List of Projects as per Smart City Proposal,https://gwaliorsmartcity.org/smart-city-vision/list-of-projects-as-per-smart-city-proposal-gwalior/
64,Rolling Stock,Pan City / Urban Transit,127.4,Gwalior Smart City – List of Projects as per Smart City Proposal,https://gwaliorsmartcity.org/smart-city-vision/list-of-projects-as-per-smart-city-proposal-gwalior/
65,ICT Components,Pan City / Urban Transit,26.0,Gwalior Smart City – List of Projects as per Smart City Proposal,https://gwaliorsmartcity.org/smart-city-vision/list-of-projects-as-per-smart-city-proposal-gwalior/
66,Parking Management,Pan City / Urban Transit,10.0,Gwalior Smart City – List of Projects as per Smart City Proposal,https://gwaliorsmartcity.org/smart-city-vision/list-of-projects-as-per-smart-city-proposal-gwalior/
67,Collection and transportation Infrastructure,Pan City / Solid Waste Management,30.87,Gwalior Smart City – List of Projects as per Smart City Proposal,https://gwaliorsmartcity.org/smart-city-vision/list-of-projects-as-per-smart-city-proposal-gwalior/
68,GIS Based asset Management,Pan City / Solid Waste Management,10.5,Gwalior Smart City – List of Projects as per Smart City Proposal,https://gwaliorsmartcity.org/smart-city-vision/list-of-projects-as-per-smart-city-proposal-gwalior/
69,Street Sweeping Machines,Pan City / Solid Waste Management,4.5,Gwalior Smart City – List of Projects as per Smart City Proposal,https://gwaliorsmartcity.org/smart-city-vision/list-of-projects-as-per-smart-city-proposal-gwalior/
70,IEC Campaign for Citizens,Pan City / Solid Waste Management,2.0,Gwalior Smart City – List of Projects as per Smart City Proposal,https://gwaliorsmartcity.org/smart-city-vision/list-of-projects-as-per-smart-city-proposal-gwalior/
71,Capacity Building Programmes,Pan City / Solid Waste Management,2.0,Gwalior Smart City – List of Projects as per Smart City Proposal,https://gwaliorsmartcity.org/smart-city-vision/list-of-projects-as-per-smart-city-proposal-gwalior/
